-- phpMyAdmin SQL Dump
-- version 4.8.5
-- https://www.phpmyadmin.net/
--
-- Servidor: 127.0.0.1:3306
-- Tiempo de generación: 01-03-2019 a las 17:33:39
-- Versión del servidor: 10.2.17-MariaDB
-- Versión de PHP: 7.2.10

SET SQL_MODE = "NO_AUTO_VALUE_ON_ZERO";
SET AUTOCOMMIT = 0;
START TRANSACTION;
SET time_zone = "+00:00";


/*!40101 SET @OLD_CHARACTER_SET_CLIENT=@@CHARACTER_SET_CLIENT */;
/*!40101 SET @OLD_CHARACTER_SET_RESULTS=@@CHARACTER_SET_RESULTS */;
/*!40101 SET @OLD_COLLATION_CONNECTION=@@COLLATION_CONNECTION */;
/*!40101 SET NAMES utf8mb4 */;

--
-- Base de datos: `u604264318_rest`
--

-- --------------------------------------------------------

--
-- Estructura de tabla para la tabla `clientes`
--

CREATE TABLE `clientes` (
  `id` int(11) NOT NULL,
  `nombre` varchar(45) COLLATE utf8_spanish_ci NOT NULL,
  `idEncuesta` int(11) NOT NULL
) ENGINE=InnoDB DEFAULT CHARSET=utf8 COLLATE=utf8_spanish_ci;

--
-- Volcado de datos para la tabla `clientes`
--

INSERT INTO `clientes` (`id`, `nombre`, `idEncuesta`) VALUES
(1, 'Manuel', 0),
(15, 'Jose Leonardo', 0),
(16, 'Florencia', 0),
(17, 'Rodrigo', 0),
(18, 'aaaa', 0),
(19, 'sssss', 0),
(20, 'eeee', 0),
(21, 'rrr', 0),
(22, 'CargoPedido', 0),
(23, 'Ariel', 0),
(24, 'Lucas', 0),
(25, 'Leonardo', 0),
(26, 'Liliana', 0),
(27, 'Carlitos', 0),
(28, 'Federico', 0),
(29, 'Natus', 0),
(30, 'Manolito', 0),
(31, 'pedrito', 0),
(32, 'Nina', 0),
(33, 'calitos', 0),
(34, 'Alan Emanuel', 0),
(35, 'Micky', 0),
(36, 'Micky Ok', 0),
(37, 'Nina Cotios', 0),
(38, 'Marcelo Pardo', 0),
(39, 'Lucas Vazquez', 0),
(40, 'Pablito Pardo', 0),
(41, 'Carlitos Romeo', 0),
(42, 'Carlos', 0),
(43, 'Alana', 0),
(44, 'Diega', 0),
(45, 'Lucasa', 0),
(46, 'Jose', 0),
(47, 'Carlos', 0),
(48, 'Juan Carlos', 0),
(49, 'Manuel', 0),
(50, 'Fabiana Prevosti', 0),
(51, 'Juan Martin', 0),
(52, 'Norma', 0),
(53, 'Tito Perez', 0),
(54, 'Leonardo', 0),
(55, 'Juan Perez', 0),
(56, 'Carlos', 0),
(57, 'Juan Perez', 0),
(58, 'Pablo', 0),
(59, 'Patricia', 0),
(60, 'Walter', 0),
(61, 'Juan Carlos', 0),
(62, 'Jose', 0),
(63, 'Rosa', 0),
(64, 'Lucas', 0),
(65, 'Fabiana Prevosti', 0),
(66, 'Carlitos', 0),
(67, 'Ariel', 0),
(68, 'Pablo', 0),
(69, 'Purre', 0),
(70, 'Patricia', 0),
(71, 'Paula Pardo', 0),
(72, 'Uriel', 0),
(73, 'Rodrigo', 0),
(74, 'Pedro', 0),
(75, 'Carlitos', 0),
(76, 'Lara Rodriguez', 0),
(77, 'Lucas Vazquez', 0),
(78, 'Karina', 0),
(79, 'Uriel', 0),
(80, 'Pepe', 0),
(81, 'Luciana', 0),
(82, 'Pedro', 0),
(83, 'Nerea', 0),
(84, 'Ana María', 0),
(85, 'Raul', 0),
(86, 'Leonardo', 0),
(87, 'Carlos', 0),
(88, 'Nahuel', 0),
(89, 'Arturito', 0),
(90, 'Eliel', 0),
(91, 'Rodolfo', 0),
(92, 'Carlos', 0),
(93, 'Pablo', 0),
(94, 'Ramiro', 0),
(95, 'Carlos', 0),
(96, 'Juan', 0),
(97, 'lalo', 0),
(98, 'Jorge', 0),
(99, 'Pilar', 0),
(100, 'Ramon', 0),
(101, 'Lucas', 0),
(102, 'Juan', 0);

-- --------------------------------------------------------

--
-- Estructura de tabla para la tabla `encuestas`
--

CREATE TABLE `encuestas` (
  `id` int(11) NOT NULL,
  `idPedido` int(11) NOT NULL,
  `puntosMesa` int(11) NOT NULL,
  `puntosRestaurante` int(11) NOT NULL,
  `puntosMozo` int(11) NOT NULL,
  `puntosCocinero` int(11) NOT NULL,
  `experiencia` varchar(60) COLLATE utf8_spanish_ci NOT NULL,
  `fechaHora` timestamp NOT NULL DEFAULT current_timestamp() ON UPDATE current_timestamp()
) ENGINE=InnoDB DEFAULT CHARSET=utf8 COLLATE=utf8_spanish_ci;

--
-- Volcado de datos para la tabla `encuestas`
--

INSERT INTO `encuestas` (`id`, `idPedido`, `puntosMesa`, `puntosRestaurante`, `puntosMozo`, `puntosCocinero`, `experiencia`, `fechaHora`) VALUES
(1, 10041, 10, 10, 10, 10, 'Todo Perfecto.', '2018-12-10 12:25:52'),
(2, 10040, 10, 9, 8, 10, 'Contento.', '2018-12-10 12:25:52'),
(3, 10033, 7, 8, 9, 8, 'Todo muy bueno. Ricos Tragos!', '2018-12-10 12:25:52'),
(4, 10049, 10, 10, 10, 10, 'Lo mejor que vi.', '2018-12-25 12:25:52'),
(5, 10060, 6, 3, 7, 123, 'Muy salado.', '2019-01-18 12:25:52');

-- --------------------------------------------------------

--
-- Estructura de tabla para la tabla `facturas`
--

CREATE TABLE `facturas` (
  `id` int(11) NOT NULL,
  `idPedido` int(11) NOT NULL,
  `montoTotal` int(11) NOT NULL,
  `pago` varchar(5) NOT NULL,
  `fechaHora` timestamp NOT NULL DEFAULT current_timestamp() ON UPDATE current_timestamp()
) ENGINE=InnoDB DEFAULT CHARSET=latin1;

--
-- Volcado de datos para la tabla `facturas`
--

INSERT INTO `facturas` (`id`, `idPedido`, `montoTotal`, `pago`, `fechaHora`) VALUES
(1, 10040, 155, 'si', '2018-12-10 16:50:01'),
(2, 10037, 15, 'si', '2018-12-10 16:50:01'),
(7, 10041, 400, 'si', '2018-12-10 16:50:01'),
(8, 10042, 155, 'si', '2018-12-10 16:50:01'),
(9, 10043, 305, 'si', '2018-12-10 16:50:01'),
(10, 10044, 1, 'si', '2018-12-10 16:50:01'),
(11, 10045, 2, 'si', '2018-12-10 16:50:01'),
(12, 10046, 15, 'si', '2018-12-10 16:50:01'),
(13, 10047, 20, 'si', '2018-12-10 16:50:01'),
(14, 10048, 15, 'si', '2018-12-10 16:50:01'),
(15, 10049, 140, 'si', '2018-12-10 16:50:01'),
(16, 10050, 150, 'si', '2018-12-10 16:50:01'),
(17, 10051, 80, 'si', '2018-12-28 14:03:33'),
(18, 10052, 15, 'si', '2019-01-01 23:39:51'),
(19, 10054, 95, 'si', '2019-01-02 23:39:10'),
(20, 10053, 155, 'si', '2019-01-03 19:13:57'),
(21, 10055, 165, 'si', '2019-01-04 02:00:27'),
(22, 10057, 155, 'si', '2019-01-10 03:41:46'),
(23, 10058, 165, 'si', '2019-01-15 19:44:03'),
(24, 10059, 165, 'si', '2019-01-15 19:44:14'),
(25, 10060, 140, 'si', '2019-01-15 19:44:22'),
(26, 10062, 15, 'si', '2019-01-17 20:28:13'),
(27, 10065, 150, 'si', '2019-01-17 20:28:59'),
(28, 10063, 15, 'si', '2019-01-17 20:29:10'),
(29, 10064, 140, 'si', '2019-01-21 19:34:00'),
(30, 10066, 155, 'si', '2019-01-21 20:52:49'),
(31, 10067, 230, 'si', '2019-01-24 17:44:43'),
(32, 10068, 165, 'si', '2019-01-29 12:15:10'),
(33, 10069, 80, 'si', '2019-01-29 12:15:20'),
(34, 10071, 305, 'si', '2019-01-30 20:13:48'),
(35, 10073, 150, 'si', '2019-02-01 15:55:58'),
(36, 10074, 15, 'si', '2019-02-01 15:56:32'),
(37, 10075, 80, 'si', '2019-02-01 17:10:02'),
(38, 10076, 245, 'si', '2019-02-01 17:34:55'),
(39, 10077, 15, 'si', '2019-02-01 18:43:38'),
(40, 10078, 165, 'si', '2019-02-19 00:36:30'),
(41, 10079, 15, 'si', '2019-02-19 01:49:53'),
(42, 10080, 235, 'si', '2019-02-19 18:06:39'),
(43, 10085, 15, 'si', '2019-02-19 23:51:09'),
(44, 10087, 15, 'si', '2019-02-20 12:27:11'),
(45, 10086, 150, 'si', '2019-02-20 12:29:01'),
(46, 10088, 220, 'si', '2019-02-20 12:29:12'),
(47, 10090, 385, 'si', '2019-02-22 00:09:58');

-- --------------------------------------------------------

--
-- Estructura de tabla para la tabla `logueos`
--

CREATE TABLE `logueos` (
  `id` int(11) NOT NULL,
  `idUsuario` int(11) NOT NULL,
  `fechaHoraLog` timestamp NOT NULL DEFAULT current_timestamp() ON UPDATE current_timestamp()
) ENGINE=InnoDB DEFAULT CHARSET=utf8 COLLATE=utf8_spanish_ci;

--
-- Volcado de datos para la tabla `logueos`
--

INSERT INTO `logueos` (`id`, `idUsuario`, `fechaHoraLog`) VALUES
(5, 1, '2018-12-09 23:18:25'),
(6, 2, '2018-12-09 20:54:38'),
(7, 2, '2018-12-09 21:34:46'),
(8, 1, '2018-12-09 21:34:53'),
(9, 1, '2018-12-09 21:40:50'),
(10, 1, '2018-12-09 22:30:05'),
(11, 1, '2018-12-09 22:31:43'),
(12, 1, '2018-12-09 22:35:00'),
(13, 1, '2018-12-09 22:40:25'),
(14, 1, '2018-12-09 22:45:03'),
(15, 1, '2018-12-09 22:45:16'),
(16, 1, '2018-12-09 22:48:19'),
(17, 1, '2018-12-09 22:59:48'),
(18, 2, '2018-12-09 23:00:03'),
(19, 3, '2018-12-09 23:01:50'),
(20, 1, '2018-12-09 23:02:18'),
(21, 4, '2018-12-09 23:02:43'),
(22, 3, '2018-12-09 23:02:56'),
(23, 2, '2018-12-09 23:03:03'),
(24, 1, '2018-12-09 23:03:12'),
(25, 5, '2018-12-09 23:03:53'),
(26, 4, '2018-12-09 23:15:20'),
(27, 3, '2018-12-09 23:15:38'),
(28, 2, '2018-12-09 23:15:44'),
(29, 1, '2018-12-09 23:15:53'),
(30, 5, '2018-12-09 23:16:04'),
(31, 6, '2018-12-10 00:59:23'),
(32, 1, '2018-12-10 01:00:27'),
(33, 1, '2018-12-10 01:36:35'),
(34, 5, '2018-12-10 13:30:19'),
(35, 1, '2018-12-10 13:52:35'),
(36, 1, '2018-12-10 14:04:39'),
(37, 3, '2018-12-10 14:05:47'),
(38, 4, '2018-12-10 14:06:00'),
(39, 5, '2018-12-10 14:06:44'),
(40, 1, '2018-12-10 14:15:55'),
(41, 5, '2018-12-10 14:16:17'),
(42, 5, '2018-12-10 14:24:30'),
(43, 4, '2018-12-10 15:40:52'),
(44, 5, '2018-12-10 15:41:06'),
(45, 3, '2018-12-10 15:42:36'),
(46, 2, '2018-12-10 15:42:43'),
(47, 5, '2018-12-10 15:43:03'),
(48, 2, '2018-12-10 15:44:30'),
(49, 5, '2018-12-10 15:44:43'),
(50, 1, '2018-12-19 19:44:10'),
(51, 1, '2018-12-19 19:47:13'),
(52, 1, '2018-12-19 20:17:40'),
(53, 1, '2018-12-19 20:18:09'),
(54, 3, '2018-12-19 20:19:28'),
(55, 1, '2018-12-21 17:43:20'),
(56, 3, '2018-12-21 17:43:35'),
(57, 1, '2018-12-21 18:45:53'),
(58, 1, '2018-12-27 12:15:50'),
(59, 1, '2018-12-27 12:33:37'),
(60, 5, '2018-12-27 14:59:39'),
(61, 1, '2018-12-28 10:51:10'),
(62, 1, '2018-12-28 10:53:06'),
(63, 5, '2018-12-28 10:55:26'),
(64, 4, '2018-12-28 11:42:00'),
(65, 5, '2018-12-28 11:58:17'),
(66, 1, '2018-12-28 12:00:53'),
(67, 1, '2018-12-28 15:47:37'),
(68, 1, '2018-12-28 15:47:52'),
(69, 1, '2018-12-28 16:05:52'),
(70, 1, '2018-12-28 16:30:34'),
(71, 1, '2018-12-28 16:47:18'),
(72, 1, '2018-12-28 16:52:15'),
(73, 1, '2018-12-28 17:05:24'),
(74, 1, '2018-12-28 19:13:48'),
(75, 1, '2018-12-29 17:03:07'),
(76, 5, '2018-12-29 17:04:02'),
(77, 1, '2018-12-30 14:10:13'),
(78, 5, '2018-12-31 00:26:30'),
(79, 1, '2019-01-01 18:39:27'),
(80, 1, '2019-01-01 18:46:39'),
(81, 1, '2019-01-01 19:09:07'),
(82, 1, '2019-01-01 19:39:56'),
(83, 1, '2019-01-01 19:51:28'),
(84, 5, '2019-01-01 19:57:36'),
(85, 5, '2019-01-01 20:07:40'),
(86, 5, '2019-01-01 20:08:14'),
(87, 1, '2019-01-01 20:24:26'),
(88, 5, '2019-01-01 20:34:00'),
(89, 1, '2019-01-01 20:38:33'),
(90, 5, '2019-01-01 20:39:32'),
(91, 1, '2019-01-01 20:55:22'),
(92, 5, '2019-01-01 20:58:47'),
(93, 1, '2019-01-01 22:55:54'),
(94, 5, '2019-01-01 22:56:16'),
(95, 1, '2019-01-02 08:55:30'),
(96, 5, '2019-01-02 08:56:52'),
(97, 1, '2019-01-02 09:14:12'),
(98, 5, '2019-01-02 09:39:09'),
(99, 5, '2019-01-02 09:40:48'),
(100, 5, '2019-01-02 12:51:50'),
(101, 5, '2019-01-02 13:45:41'),
(102, 1, '2019-01-02 13:46:25'),
(103, 5, '2019-01-02 13:50:30'),
(104, 5, '2019-01-02 15:30:12'),
(105, 5, '2019-01-02 16:27:53'),
(106, 1, '2019-01-02 16:41:15'),
(107, 5, '2019-01-02 16:42:04'),
(108, 3, '2019-01-02 16:44:08'),
(109, 4, '2019-01-02 16:44:31'),
(110, 5, '2019-01-02 16:45:00'),
(111, 5, '2019-01-02 16:49:17'),
(112, 1, '2019-01-02 17:07:18'),
(113, 5, '2019-01-02 17:07:42'),
(114, 5, '2019-01-02 17:20:58'),
(115, 5, '2019-01-02 17:23:07'),
(116, 5, '2019-01-02 17:55:20'),
(117, 5, '2019-01-02 20:05:42'),
(118, 5, '2019-01-02 20:34:52'),
(119, 5, '2019-01-02 20:35:29'),
(120, 4, '2019-01-02 20:37:02'),
(121, 5, '2019-01-02 20:37:53'),
(122, 3, '2019-01-02 20:38:17'),
(123, 5, '2019-01-02 20:38:38'),
(124, 1, '2019-01-02 20:41:27'),
(125, 5, '2019-01-02 23:35:40'),
(126, 1, '2019-01-02 23:36:41'),
(127, 1, '2019-01-02 23:50:54'),
(128, 1, '2019-01-02 23:51:51'),
(129, 5, '2019-01-03 00:16:38'),
(130, 5, '2019-01-03 00:20:34'),
(131, 5, '2019-01-03 00:28:24'),
(132, 5, '2019-01-03 01:00:05'),
(133, 5, '2019-01-03 01:00:05'),
(134, 1, '2019-01-03 01:08:11'),
(135, 5, '2019-01-03 08:24:30'),
(136, 5, '2019-01-03 09:00:56'),
(137, 5, '2019-01-03 09:19:21'),
(138, 1, '2019-01-03 09:19:35'),
(139, 1, '2019-01-03 09:19:49'),
(140, 1, '2019-01-03 09:20:23'),
(141, 1, '2019-01-03 09:22:38'),
(142, 1, '2019-01-03 09:26:58'),
(143, 5, '2019-01-03 09:30:58'),
(144, 1, '2019-01-03 11:29:48'),
(145, 1, '2019-01-03 11:36:13'),
(146, 1, '2019-01-03 11:38:30'),
(147, 5, '2019-01-03 11:39:09'),
(148, 5, '2019-01-03 11:39:33'),
(149, 5, '2019-01-03 11:41:18'),
(150, 1, '2019-01-03 11:47:55'),
(151, 1, '2019-01-03 11:48:04'),
(152, 5, '2019-01-03 11:51:49'),
(153, 5, '2019-01-03 11:57:12'),
(154, 1, '2019-01-03 12:00:29'),
(155, 1, '2019-01-03 12:01:06'),
(156, 5, '2019-01-03 12:01:31'),
(157, 5, '2019-01-03 12:06:09'),
(158, 1, '2019-01-03 12:18:07'),
(159, 5, '2019-01-03 12:19:08'),
(160, 5, '2019-01-03 13:13:42'),
(161, 5, '2019-01-03 14:34:38'),
(162, 5, '2019-01-03 14:51:09'),
(163, 3, '2019-01-03 15:02:05'),
(164, 5, '2019-01-03 15:02:18'),
(165, 1, '2019-01-03 15:02:34'),
(166, 5, '2019-01-03 15:04:03'),
(167, 5, '2019-01-03 15:21:25'),
(168, 1, '2019-01-03 16:05:58'),
(169, 5, '2019-01-03 16:06:45'),
(170, 2, '2019-01-03 16:12:52'),
(171, 1, '2019-01-03 16:13:23'),
(172, 5, '2019-01-03 16:13:41'),
(173, 5, '2019-01-03 16:27:44'),
(174, 5, '2019-01-03 16:39:29'),
(175, 5, '2019-01-03 16:50:50'),
(176, 5, '2019-01-03 17:26:02'),
(177, 5, '2019-01-03 17:49:57'),
(178, 5, '2019-01-03 19:06:03'),
(179, 5, '2019-01-03 19:06:16'),
(180, 5, '2019-01-03 19:25:00'),
(181, 5, '2019-01-03 22:54:52'),
(182, 5, '2019-01-03 22:57:12'),
(183, 2, '2019-01-03 22:57:59'),
(184, 1, '2019-01-03 22:58:44'),
(185, 4, '2019-01-03 22:59:28'),
(186, 5, '2019-01-03 22:59:57'),
(187, 5, '2019-01-03 23:03:57'),
(188, 5, '2019-01-04 09:23:41'),
(189, 5, '2019-01-04 10:19:21'),
(190, 5, '2019-01-04 11:28:20'),
(191, 5, '2019-01-04 16:09:41'),
(192, 5, '2019-01-04 17:34:06'),
(193, 5, '2019-01-04 18:35:19'),
(194, 5, '2019-01-04 18:36:25'),
(195, 5, '2019-01-04 21:48:29'),
(196, 5, '2019-01-05 13:20:57'),
(197, 5, '2019-01-05 16:45:40'),
(198, 5, '2019-01-05 16:53:33'),
(199, 1, '2019-01-05 17:08:59'),
(200, 2, '2019-01-05 17:09:12'),
(201, 5, '2019-01-05 17:13:02'),
(202, 5, '2019-01-05 18:13:41'),
(203, 5, '2019-01-05 18:15:52'),
(204, 5, '2019-01-05 18:42:15'),
(205, 5, '2019-01-05 22:24:05'),
(206, 5, '2019-01-06 00:01:29'),
(207, 16, '2019-01-06 00:06:02'),
(208, 5, '2019-01-06 00:06:45'),
(209, 5, '2019-01-06 00:45:53'),
(210, 5, '2019-01-06 00:50:43'),
(211, 5, '2019-01-06 02:58:12'),
(212, 5, '2019-01-06 03:08:03'),
(213, 5, '2019-01-06 03:14:24'),
(214, 5, '2019-01-06 04:49:51'),
(215, 5, '2019-01-06 12:52:31'),
(216, 19, '2019-01-06 12:55:15'),
(217, 5, '2019-01-06 21:51:42'),
(218, 5, '2019-01-07 08:17:28'),
(219, 5, '2019-01-07 10:11:00'),
(220, 5, '2019-01-07 10:22:13'),
(221, 5, '2019-01-07 10:23:08'),
(222, 5, '2019-01-07 11:03:07'),
(223, 1, '2019-01-07 13:05:13'),
(224, 5, '2019-01-07 13:05:55'),
(225, 5, '2019-01-07 16:31:01'),
(226, 5, '2019-01-07 16:42:28'),
(227, 5, '2019-01-08 09:16:43'),
(228, 5, '2019-01-08 13:06:41'),
(229, 1, '2019-01-08 13:33:08'),
(230, 5, '2019-01-08 13:33:36'),
(231, 5, '2019-01-08 22:08:00'),
(232, 5, '2019-01-08 22:10:47'),
(233, 5, '2019-01-09 09:42:06'),
(234, 5, '2019-01-09 10:18:11'),
(235, 5, '2019-01-09 10:29:16'),
(236, 5, '2019-01-09 12:34:09'),
(237, 5, '2019-01-09 13:57:50'),
(238, 5, '2019-01-09 13:58:33'),
(239, 5, '2019-01-09 16:31:00'),
(240, 5, '2019-01-09 17:44:01'),
(241, 5, '2019-01-09 22:22:51'),
(242, 5, '2019-01-10 00:31:03'),
(243, 5, '2019-01-10 00:35:52'),
(244, 2, '2019-01-10 00:38:02'),
(245, 4, '2019-01-10 00:40:23'),
(246, 5, '2019-01-10 00:40:56'),
(247, 5, '2019-01-10 22:32:39'),
(248, 5, '2019-01-11 09:20:09'),
(249, 5, '2019-01-11 10:03:55'),
(250, 5, '2019-01-11 10:24:57'),
(251, 5, '2019-01-11 13:49:18'),
(252, 5, '2019-01-11 13:50:52'),
(253, 5, '2019-01-11 14:09:22'),
(254, 5, '2019-01-12 23:25:41'),
(255, 5, '2019-01-14 09:17:55'),
(256, 5, '2019-01-14 09:17:55'),
(257, 5, '2019-01-14 12:12:14'),
(258, 5, '2019-01-14 13:38:42'),
(259, 5, '2019-01-14 16:39:00'),
(260, 5, '2019-01-14 16:50:25'),
(261, 5, '2019-01-14 17:03:54'),
(262, 5, '2019-01-14 17:45:41'),
(263, 5, '2019-01-14 17:45:41'),
(264, 4, '2019-01-15 09:35:24'),
(265, 5, '2019-01-15 09:41:18'),
(266, 1, '2019-01-15 09:44:32'),
(267, 5, '2019-01-15 09:51:47'),
(268, 14, '2019-01-15 10:09:47'),
(269, 5, '2019-01-15 10:11:12'),
(270, 5, '2019-01-15 11:32:30'),
(271, 4, '2019-01-15 11:32:48'),
(272, 1, '2019-01-15 11:36:53'),
(273, 5, '2019-01-15 11:55:46'),
(274, 5, '2019-01-15 11:55:46'),
(275, 2, '2019-01-15 16:06:56'),
(276, 5, '2019-01-15 16:07:31'),
(277, 4, '2019-01-15 16:45:04'),
(278, 5, '2019-01-15 16:46:26'),
(279, 5, '2019-01-16 09:44:15'),
(280, 5, '2019-01-16 17:48:03'),
(281, 5, '2019-01-17 15:07:59'),
(282, 1, '2019-01-17 15:11:19'),
(283, 1, '2019-01-17 15:11:54'),
(284, 1, '2019-01-17 15:16:53'),
(285, 1, '2019-01-17 15:19:27'),
(286, 1, '2019-01-17 15:21:03'),
(287, 1, '2019-01-17 15:22:26'),
(288, 1, '2019-01-17 15:24:09'),
(289, 1, '2019-01-17 15:26:19'),
(290, 1, '2019-01-17 15:30:46'),
(291, 1, '2019-01-17 15:57:52'),
(292, 5, '2019-01-17 15:58:46'),
(293, 1, '2019-01-17 16:07:27'),
(294, 1, '2019-01-17 16:14:45'),
(295, 14, '2019-01-17 16:15:04'),
(296, 4, '2019-01-17 16:15:45'),
(297, 1, '2019-01-17 16:39:37'),
(298, 5, '2019-01-17 17:11:11'),
(299, 5, '2019-01-17 17:22:09'),
(300, 1, '2019-01-17 17:25:57'),
(301, 2, '2019-01-17 17:26:18'),
(302, 4, '2019-01-17 17:26:56'),
(303, 5, '2019-01-17 17:27:37'),
(304, 5, '2019-01-17 17:30:51'),
(305, 5, '2019-01-17 23:57:39'),
(306, 5, '2019-01-18 09:09:32'),
(307, 5, '2019-01-18 11:57:49'),
(308, 5, '2019-01-18 15:05:18'),
(309, 5, '2019-01-21 13:21:25'),
(310, 2, '2019-01-21 15:13:25'),
(311, 4, '2019-01-21 15:14:31'),
(312, 4, '2019-01-21 15:14:31'),
(313, 5, '2019-01-21 15:43:40'),
(314, 5, '2019-01-21 17:48:13'),
(315, 5, '2019-01-21 17:52:06'),
(316, 5, '2019-01-22 09:08:50'),
(317, 1, '2019-01-22 09:30:44'),
(318, 5, '2019-01-22 12:58:13'),
(319, 5, '2019-01-22 14:48:38'),
(320, 5, '2019-01-22 16:07:05'),
(321, 5, '2019-01-22 16:52:15'),
(322, 5, '2019-01-22 18:26:59'),
(323, 5, '2019-01-23 08:42:55'),
(324, 5, '2019-01-23 09:19:50'),
(325, 5, '2019-01-23 10:34:11'),
(326, 5, '2019-01-23 13:39:01'),
(327, 5, '2019-01-23 14:15:26'),
(328, 5, '2019-01-23 14:30:29'),
(329, 5, '2019-01-23 14:56:28'),
(330, 5, '2019-01-23 14:57:30'),
(331, 5, '2019-01-23 17:36:17'),
(332, 5, '2019-01-24 00:19:26'),
(333, 5, '2019-01-24 09:18:26'),
(334, 1, '2019-01-24 09:19:10'),
(335, 2, '2019-01-24 09:22:06'),
(336, 3, '2019-01-24 09:24:48'),
(337, 5, '2019-01-24 14:39:36'),
(338, 14, '2019-01-24 14:41:10'),
(339, 1, '2019-01-24 14:42:20'),
(340, 5, '2019-01-24 14:43:22'),
(341, 5, '2019-01-26 16:18:36'),
(342, 1, '2019-01-26 19:34:06'),
(343, 5, '2019-01-26 19:34:29'),
(344, 5, '2019-01-28 10:04:14'),
(345, 5, '2019-01-28 15:29:04'),
(346, 5, '2019-01-28 17:19:36'),
(347, 5, '2019-01-28 17:53:14'),
(348, 2, '2019-01-28 17:54:18'),
(349, 5, '2019-01-29 09:10:09'),
(350, 4, '2019-01-29 09:12:24'),
(351, 3, '2019-01-29 09:13:56'),
(352, 5, '2019-01-29 17:09:02'),
(353, 5, '2019-01-30 17:01:53'),
(354, 1, '2019-01-30 17:08:11'),
(355, 2, '2019-01-30 17:10:42'),
(356, 4, '2019-01-30 17:12:21'),
(357, 5, '2019-01-30 17:13:04'),
(358, 5, '2019-01-31 10:18:34'),
(359, 5, '2019-01-31 10:51:04'),
(360, 2, '2019-01-31 11:00:30'),
(361, 5, '2019-01-31 11:12:24'),
(362, 4, '2019-01-31 11:12:40'),
(363, 5, '2019-01-31 11:14:33'),
(364, 1, '2019-02-01 12:41:37'),
(365, 4, '2019-02-01 12:42:08'),
(366, 2, '2019-02-01 12:42:59'),
(367, 5, '2019-02-01 12:44:04'),
(368, 5, '2019-02-01 12:49:21'),
(369, 4, '2019-02-01 12:50:11'),
(370, 2, '2019-02-01 13:06:16'),
(371, 3, '2019-02-01 13:06:33'),
(372, 1, '2019-02-01 14:00:33'),
(373, 2, '2019-02-01 14:06:03'),
(374, 1, '2019-02-01 14:06:16'),
(375, 3, '2019-02-01 14:06:32'),
(376, 5, '2019-02-01 14:09:38'),
(377, 3, '2019-02-01 14:10:38'),
(378, 2, '2019-02-01 14:12:12'),
(379, 4, '2019-02-01 14:14:46'),
(380, 5, '2019-02-01 15:41:41'),
(381, 4, '2019-02-01 15:42:05'),
(382, 5, '2019-02-01 15:43:13'),
(383, 5, '2019-02-04 13:33:46'),
(384, 5, '2019-02-13 18:07:02'),
(385, 5, '2019-02-15 11:30:34'),
(386, 5, '2019-02-17 15:41:53'),
(387, 5, '2019-02-18 11:24:53'),
(388, 5, '2019-02-18 16:27:59'),
(389, 5, '2019-02-18 16:31:02'),
(390, 34, '2019-02-18 16:37:38'),
(391, 5, '2019-02-18 20:19:38'),
(392, 5, '2019-02-18 20:24:17'),
(393, 5, '2019-02-18 20:24:43'),
(394, 34, '2019-02-18 20:38:54'),
(395, 5, '2019-02-18 20:56:22'),
(396, 5, '2019-02-18 20:56:51'),
(397, 5, '2019-02-18 21:31:44'),
(398, 4, '2019-02-18 21:34:18'),
(399, 1, '2019-02-18 21:34:46'),
(400, 2, '2019-02-18 21:35:09'),
(401, 5, '2019-02-18 21:35:37'),
(402, 34, '2019-02-18 21:35:56'),
(403, 5, '2019-02-18 21:37:10'),
(404, 4, '2019-02-18 22:49:03'),
(405, 5, '2019-02-18 22:49:24'),
(406, 5, '2019-02-18 23:48:14'),
(407, 5, '2019-02-19 09:31:00'),
(408, 5, '2019-02-19 09:40:08'),
(409, 5, '2019-02-19 13:40:15'),
(410, 1, '2019-02-19 15:01:24'),
(411, 4, '2019-02-19 15:01:41'),
(412, 3, '2019-02-19 15:02:06'),
(413, 2, '2019-02-19 15:02:26'),
(414, 3, '2019-02-19 15:03:49'),
(415, 2, '2019-02-19 15:04:31'),
(416, 4, '2019-02-19 15:04:47'),
(417, 5, '2019-02-19 18:32:58'),
(418, 4, '2019-02-19 19:28:58'),
(419, 5, '2019-02-19 19:37:01'),
(420, 5, '2019-02-19 20:31:07'),
(421, 4, '2019-02-19 20:36:31'),
(422, 5, '2019-02-19 20:36:46'),
(423, 4, '2019-02-19 20:37:44'),
(424, 1, '2019-02-19 20:38:26'),
(425, 5, '2019-02-19 20:39:51'),
(426, 4, '2019-02-19 20:50:22'),
(427, 5, '2019-02-19 20:50:46'),
(428, 5, '2019-02-20 09:22:58'),
(429, 5, '2019-02-20 09:25:58'),
(430, 4, '2019-02-20 09:26:16'),
(431, 2, '2019-02-20 09:27:57'),
(432, 3, '2019-02-20 09:28:29'),
(433, 5, '2019-02-21 09:49:27'),
(434, 5, '2019-02-21 20:43:10'),
(435, 4, '2019-02-21 21:06:48'),
(436, 2, '2019-02-21 21:07:41'),
(437, 3, '2019-02-21 21:08:18'),
(438, 5, '2019-02-22 18:39:55'),
(439, 5, '2019-02-26 14:56:24'),
(440, 5, '2019-03-01 12:44:10');

-- --------------------------------------------------------

--
-- Estructura de tabla para la tabla `mesas`
--

CREATE TABLE `mesas` (
  `id` int(11) NOT NULL,
  `estado` varchar(45) COLLATE utf8_spanish_ci NOT NULL,
  `codigo` int(11) NOT NULL,
  `facturacion` float NOT NULL
) ENGINE=InnoDB DEFAULT CHARSET=utf8 COLLATE=utf8_spanish_ci;

--
-- Volcado de datos para la tabla `mesas`
--

INSERT INTO `mesas` (`id`, `estado`, `codigo`, `facturacion`) VALUES
(1, 'cerrada', 11110, 3060),
(2, 'cerrada', 11111, 755),
(3, 'cerrada', 11112, 750),
(4, 'cerrada', 11113, 315),
(5, 'cerrada', 11114, 920);

-- --------------------------------------------------------

--
-- Estructura de tabla para la tabla `operaciones`
--

CREATE TABLE `operaciones` (
  `id` int(11) NOT NULL,
  `idUsuario` int(11) NOT NULL,
  `fechaHora` timestamp NOT NULL DEFAULT current_timestamp() ON UPDATE current_timestamp()
) ENGINE=InnoDB DEFAULT CHARSET=utf8 COLLATE=utf8_spanish_ci;

--
-- Volcado de datos para la tabla `operaciones`
--

INSERT INTO `operaciones` (`id`, `idUsuario`, `fechaHora`) VALUES
(1, 1, '2018-12-09 22:49:17'),
(2, 2, '2018-12-09 23:01:13'),
(3, 2, '2018-12-09 23:01:35'),
(4, 3, '2018-12-09 23:01:56'),
(5, 3, '2018-12-09 23:02:08'),
(6, 4, '2018-12-09 23:02:49'),
(7, 4, '2018-12-09 23:15:30'),
(8, 1, '2018-12-10 01:36:50'),
(9, 1, '2018-12-10 14:05:24'),
(10, 3, '2018-12-10 14:05:53'),
(11, 4, '2018-12-10 14:06:04'),
(12, 4, '2018-12-10 14:06:18'),
(13, 5, '2018-12-10 14:08:31'),
(14, 5, '2018-12-10 14:16:43'),
(15, 5, '2018-12-10 14:24:44'),
(16, 4, '2018-12-10 15:40:59'),
(17, 5, '2018-12-10 15:42:23'),
(18, 2, '2018-12-10 15:42:49'),
(19, 5, '2018-12-10 15:44:20'),
(20, 2, '2018-12-10 15:44:37'),
(21, 5, '2018-12-28 10:57:32'),
(22, 5, '2018-12-28 11:17:31'),
(23, 4, '2018-12-28 11:42:15'),
(24, 5, '2019-01-02 16:43:41'),
(25, 4, '2019-01-02 16:44:46'),
(26, 5, '2019-01-02 20:36:38'),
(27, 4, '2019-01-02 20:37:29'),
(28, 3, '2019-01-02 20:38:24'),
(29, 2, '2019-01-03 16:13:07'),
(30, 5, '2019-01-03 22:56:07'),
(31, 2, '2019-01-03 22:58:24'),
(32, 4, '2019-01-03 22:59:40'),
(33, 5, '2019-01-07 10:14:23'),
(34, 5, '2019-01-10 00:36:47'),
(35, 2, '2019-01-10 00:39:46'),
(36, 4, '2019-01-10 00:40:40'),
(37, 5, '2019-01-11 10:00:11'),
(38, 4, '2019-01-15 09:35:44'),
(39, 1, '2019-01-15 09:45:24'),
(40, 14, '2019-01-15 10:10:17'),
(41, 4, '2019-01-15 11:34:29'),
(42, 2, '2019-01-15 16:07:15'),
(43, 2, '2019-01-15 16:07:18'),
(44, 2, '2019-01-15 16:07:20'),
(45, 5, '2019-01-15 16:44:53'),
(46, 4, '2019-01-15 16:45:14'),
(47, 1, '2019-01-17 17:05:50'),
(48, 2, '2019-01-17 17:26:38'),
(49, 2, '2019-01-17 17:26:42'),
(50, 4, '2019-01-17 17:27:20'),
(51, 4, '2019-01-17 17:27:24'),
(52, 5, '2019-01-21 15:12:10'),
(53, 2, '2019-01-21 15:13:42'),
(54, 4, '2019-01-21 15:17:16'),
(55, 1, '2019-01-24 09:21:22'),
(56, 2, '2019-01-24 09:22:47'),
(57, 3, '2019-01-24 09:25:14'),
(58, 5, '2019-01-28 17:03:10'),
(59, 2, '2019-01-28 17:54:36'),
(60, 4, '2019-01-29 09:12:44'),
(61, 3, '2019-01-29 09:14:06'),
(62, 1, '2019-01-30 17:09:21'),
(63, 2, '2019-01-30 17:11:05'),
(64, 4, '2019-01-30 17:12:34'),
(65, 5, '2019-01-31 10:42:11'),
(66, 5, '2019-01-31 10:55:01'),
(67, 4, '2019-02-01 12:42:18'),
(68, 2, '2019-02-01 12:43:25'),
(69, 5, '2019-02-01 13:06:11'),
(70, 3, '2019-02-01 14:06:48'),
(71, 5, '2019-02-01 14:10:26'),
(72, 3, '2019-02-01 14:11:01'),
(73, 2, '2019-02-01 14:13:16'),
(74, 4, '2019-02-01 14:15:01'),
(75, 5, '2019-02-01 15:41:59'),
(76, 4, '2019-02-01 15:42:15'),
(77, 5, '2019-02-18 20:58:09'),
(78, 4, '2019-02-18 21:34:31'),
(79, 2, '2019-02-18 21:35:21'),
(80, 4, '2019-02-18 22:49:15'),
(81, 4, '2019-02-19 15:01:56'),
(82, 3, '2019-02-19 15:02:17'),
(83, 2, '2019-02-19 15:02:36'),
(84, 5, '2019-02-19 20:34:40'),
(85, 5, '2019-02-19 20:41:50'),
(86, 5, '2019-02-19 20:44:28'),
(87, 5, '2019-02-19 20:48:46'),
(88, 4, '2019-02-19 20:50:38'),
(89, 5, '2019-02-20 09:24:04'),
(90, 5, '2019-02-20 09:24:40'),
(91, 4, '2019-02-20 09:26:32'),
(92, 2, '2019-02-20 09:28:11'),
(93, 2, '2019-02-20 09:28:14'),
(94, 3, '2019-02-20 09:28:41'),
(95, 4, '2019-02-21 21:07:04'),
(96, 2, '2019-02-21 21:07:54'),
(97, 3, '2019-02-21 21:08:32');

-- --------------------------------------------------------

--
-- Estructura de tabla para la tabla `pedidos`
--

CREATE TABLE `pedidos` (
  `id` int(11) NOT NULL,
  `idCliente` int(11) NOT NULL,
  `idMesa` int(11) NOT NULL,
  `foto` varchar(15) COLLATE utf8_spanish_ci NOT NULL,
  `termino` varchar(10) COLLATE utf8_spanish_ci NOT NULL,
  `idFactura` int(11) NOT NULL,
  `cancelado` varchar(5) COLLATE utf8_spanish_ci NOT NULL,
  `fechaHora` timestamp NOT NULL DEFAULT current_timestamp() ON UPDATE current_timestamp()
) ENGINE=InnoDB DEFAULT CHARSET=utf8 COLLATE=utf8_spanish_ci;

--
-- Volcado de datos para la tabla `pedidos`
--

INSERT INTO `pedidos` (`id`, `idCliente`, `idMesa`, `foto`, `termino`, `idFactura`, `cancelado`, `fechaHora`) VALUES
(10000, 1, 2, '', 'si', -1, '', '2018-12-10 03:28:57'),
(10001, 1, 2, '', 'si', -1, '', '2018-12-10 03:28:57'),
(10002, 15, 5, '', 'si', -1, '', '2018-12-10 03:28:57'),
(10003, 16, 2, '', 'si', -1, '', '2018-12-10 03:28:57'),
(10004, 17, 2, '', 'si', -1, '', '2018-12-10 03:28:57'),
(10005, 19, 2, '', 'si', -1, '', '2018-12-10 03:28:57'),
(10006, 20, 5, '', 'si', -1, '', '2018-12-10 03:28:57'),
(10007, 21, 2, '', 'si', -1, '', '2018-12-10 03:28:57'),
(10008, 22, 4, '', 'si', -1, '', '2018-12-10 03:28:57'),
(10009, 23, 2, '', 'si', -1, '', '2018-12-10 03:28:57'),
(10010, 24, 1, '', 'si', -1, '', '2018-12-10 03:28:57'),
(10011, 25, 5, '', 'si', -1, '', '2018-12-10 03:28:57'),
(10012, 26, 2, '', 'si', -1, '', '2018-12-10 03:28:57'),
(10013, 27, 1, '', 'si', -1, '', '2018-12-10 03:28:57'),
(10014, 28, 1, '', 'si', -1, '', '2018-12-10 03:28:57'),
(10015, 29, 1, '', 'si', -1, '', '2018-12-10 03:28:57'),
(10016, 30, 1, '', 'si', -1, '', '2018-12-10 03:28:57'),
(10017, 31, 1, '', 'si', -1, '', '2018-12-10 03:28:57'),
(10018, 32, 1, '', 'si', -1, '', '2018-12-10 03:28:57'),
(10019, 33, 1, '', 'si', -1, '', '2018-12-10 03:28:57'),
(10020, 34, 1, '', 'si', -1, '', '2018-12-10 03:28:57'),
(10021, 35, 2, '', 'si', -1, '', '2018-12-10 03:28:57'),
(10022, 36, 2, '', 'si', -1, '', '2018-12-10 03:28:57'),
(10023, 37, 1, '', 'si', -1, '', '2018-12-10 03:28:57'),
(10024, 38, 1, '', 'si', -1, 'si', '2018-12-10 03:28:57'),
(10025, 39, 1, '', 'si', -1, '', '2018-12-10 03:28:57'),
(10026, 40, 1, '', 'si', -1, '', '2018-12-10 03:28:57'),
(10027, 41, 1, '', 'si', -1, '', '2018-12-10 03:28:57'),
(10028, 42, 1, '', 'si', -1, '', '2018-12-10 03:28:57'),
(10029, 43, 1, '', 'si', -1, '', '2018-12-10 03:28:57'),
(10030, 44, 1, '', 'si', -1, '', '2018-12-10 03:28:57'),
(10031, 45, 1, '', 'si', -1, '', '2018-12-10 03:28:57'),
(10032, 46, 3, '', 'si', -1, '', '2018-12-10 03:28:57'),
(10033, 47, 1, '', 'si', -1, '', '2018-12-10 03:28:57'),
(10034, 48, 1, '', 'si', -1, '', '2018-12-10 03:28:57'),
(10035, 49, 1, '', 'si', -1, '', '2018-12-10 03:28:57'),
(10036, 50, 1, '', 'si', -1, '', '2018-12-10 03:28:57'),
(10037, 51, 1, '', 'si', 2, '', '2018-12-10 13:23:03'),
(10038, 52, 1, '', 'si', -1, '', '2018-12-10 03:28:57'),
(10039, 53, 2, '', 'si', -1, '', '2018-12-10 03:28:57'),
(10040, 54, 3, '', 'si', 1, '', '2018-12-10 13:22:49'),
(10041, 55, 1, '', 'si', 7, '', '2018-12-10 03:28:57'),
(10042, 56, 1, '', 'si', 8, '', '2018-12-10 03:28:57'),
(10043, 57, 3, '', 'si', 9, '', '2018-12-10 03:28:57'),
(10044, 58, 1, '', 'si', 10, '', '2018-12-10 14:08:09'),
(10045, 59, 3, '', 'si', 0, '', '2018-12-10 14:08:17'),
(10046, 60, 1, '', 'si', 12, '', '2018-12-10 14:16:28'),
(10047, 61, 1, '', 'si', 13, '', '2018-12-10 14:24:20'),
(10048, 62, 1, '', 'si', 14, '', '2018-12-10 15:42:01'),
(10049, 63, 5, '', 'si', 15, '', '2018-12-10 15:43:42'),
(10050, 64, 5, '', 'si', 16, '', '2018-12-10 15:45:17'),
(10051, 65, 2, '', 'si', 17, '', '2018-12-28 14:03:36'),
(10052, 66, 1, '', 'si', 18, '', '2019-01-01 23:39:54'),
(10053, 67, 1, '', 'si', 20, '', '2019-01-03 19:13:59'),
(10054, 68, 1, '', 'si', 19, '', '2019-01-02 23:39:14'),
(10055, 69, 2, '', 'si', 21, '', '2019-01-04 02:00:30'),
(10056, 70, 1, '', 'si', 0, '', '2019-01-07 13:16:52'),
(10057, 71, 1, '', 'si', 22, '', '2019-01-10 03:41:48'),
(10058, 72, 4, '', 'si', 23, '', '2019-01-15 19:44:05'),
(10059, 73, 5, '', 'si', 24, '', '2019-01-15 19:44:15'),
(10060, 74, 1, '', 'si', 25, '', '2019-01-15 19:44:24'),
(10061, 75, 1, '', 'si', 0, 'si', '2019-01-17 14:49:00'),
(10062, 76, 1, '', 'si', 26, '', '2019-01-17 20:28:15'),
(10063, 77, 2, '', 'si', 28, '', '2019-01-17 20:29:12'),
(10064, 78, 3, '', 'si', 29, '', '2019-01-21 19:34:03'),
(10065, 79, 5, '', 'si', 27, '', '2019-01-17 20:29:01'),
(10066, 80, 1, '', 'si', 30, '', '2019-01-21 20:52:51'),
(10067, 81, 1, '', 'si', 31, '', '2019-01-24 17:44:47'),
(10068, 82, 1, '82.jpg', 'si', 32, '', '2019-01-29 12:15:13'),
(10069, 83, 2, 'sinFoto.png', 'si', 33, '', '2019-01-29 12:15:22'),
(10070, 84, 1, '84.png', 'si', 0, 'si', '2019-01-29 13:47:37'),
(10071, 85, 1, 'sinFoto.png', 'si', 34, '', '2019-01-30 20:13:51'),
(10072, 86, 1, 'sinFoto.png', 'si', 0, 'si', '2019-01-31 13:43:25'),
(10073, 87, 3, '87.png', 'si', 35, '', '2019-02-01 15:56:02'),
(10074, 88, 5, 'sinFoto.png', 'si', 36, '', '2019-02-01 15:56:34'),
(10075, 89, 5, 'sinFoto.png', 'si', 37, '', '2019-02-01 17:10:05'),
(10076, 90, 1, 'sinFoto.png', 'si', 38, '', '2019-02-01 17:34:56'),
(10077, 91, 1, 'sinFoto.png', 'si', 39, '', '2019-02-01 18:43:40'),
(10078, 92, 1, 'sinFoto.png', 'si', 40, '', '2019-02-19 00:36:39'),
(10079, 93, 1, '93.jpg', 'si', 41, '', '2019-02-19 01:49:55'),
(10080, 94, 1, '94.jpg', 'si', 42, '', '2019-02-19 18:06:40'),
(10081, 94, 3, '94.png', 'si', 0, '', '2019-02-19 22:53:15'),
(10085, 97, 2, 'sinFoto.png', 'si', 43, '', '2019-02-19 23:51:12'),
(10086, 98, 4, 'sinFoto.png', 'si', 45, '', '2019-02-20 12:29:03'),
(10087, 99, 2, 'sinFoto.png', 'si', 44, '', '2019-02-20 12:27:18'),
(10088, 100, 5, 'sinFoto.png', 'si', 46, '', '2019-02-20 12:29:13'),
(10089, 101, 1, '101.jpg', 'si', 0, 'si', '2019-02-21 12:52:03'),
(10090, 102, 2, '102.jpg', 'si', 47, '', '2019-02-22 00:09:59');

-- --------------------------------------------------------

--
-- Estructura de tabla para la tabla `pedidosdetalle`
--

CREATE TABLE `pedidosdetalle` (
  `id` int(11) NOT NULL,
  `idPedido` int(11) NOT NULL,
  `idProducto` int(11) NOT NULL,
  `estado` varchar(40) COLLATE utf8_spanish_ci NOT NULL,
  `sector` varchar(40) COLLATE utf8_spanish_ci NOT NULL,
  `horaInicio` varchar(45) COLLATE utf8_spanish_ci NOT NULL,
  `horaPrometida` varchar(45) COLLATE utf8_spanish_ci NOT NULL,
  `horaEntrega` varchar(45) COLLATE utf8_spanish_ci NOT NULL,
  `fechaHora` timestamp NOT NULL DEFAULT current_timestamp() ON UPDATE current_timestamp()
) ENGINE=InnoDB DEFAULT CHARSET=utf8 COLLATE=utf8_spanish_ci;

--
-- Volcado de datos para la tabla `pedidosdetalle`
--

INSERT INTO `pedidosdetalle` (`id`, `idPedido`, `idProducto`, `estado`, `sector`, `horaInicio`, `horaPrometida`, `horaEntrega`, `fechaHora`) VALUES
(42, 10009, 2, '', 'cerveza', '10:10', '10:10', '10:30', '2019-01-15 19:57:52'),
(43, 10009, 3, '', 'bartender', '10:15', '10:20', '11:00', '2019-01-15 19:58:33'),
(44, 10009, 1, '', 'cocina', '12:23', '12:52', '13:01', '2019-01-15 19:59:23'),
(45, 10010, 3, '', 'bartender', '11:26', '11:41', '11:42', '2019-01-15 19:55:08'),
(46, 10010, 2, '', 'cerveza', '11:27', '11:30', '11:29', '2019-01-15 20:02:06'),
(47, 10011, 3, '', 'bartender', '11:27', '11:47', '11:40', '2019-01-15 20:01:17'),
(48, 10011, 2, '', 'cerveza', '11:30', '11:37', '11:38', '2019-01-15 20:04:16'),
(49, 10011, 1, '', 'cocina', '11:29', '11:45', '11:51', '2019-01-15 20:04:51'),
(50, 10012, 2, '', 'cerveza', '15:03', '15:05', '15:04', '2019-01-15 20:05:19'),
(51, 10012, 1, '', 'cocina', '15:03', '15:33', '15:10', '2019-01-15 20:05:57'),
(52, 10013, 3, '', 'bartender', '11:45', '11:55', '11:53', '2019-01-15 20:06:06'),
(54, 10014, 3, '', 'bartender', '21:15', '21:22', '21:31', '2019-01-15 20:06:48'),
(58, 10015, 4, 'Listo Para Servir', 'bartender', '14:37', '14:52', '14:50', '2019-01-15 20:08:17'),
(59, 10015, 3, 'Listo Para Servir', 'bartender', '14:37', '14:52', '14:50', '2019-01-15 20:08:21'),
(60, 10017, 3, 'Listo Para Servir', 'bartender', '14:38', '15:0', '', '2019-01-15 18:32:28'),
(61, 10017, 4, 'Entregado', 'bartender', '14:38', '15:0', '11:33', '2019-01-15 18:32:37'),
(62, 10018, 3, 'Entregado', 'bartender', '15:29', '15:44', '13:56', '2019-01-15 18:32:43'),
(63, 10018, 4, 'Entregado', 'bartender', '15:29', '15:44', '13:56', '2019-01-15 18:32:51'),
(64, 10018, 4, 'Entregado', 'bartender', '15:29', '15:44', '13:56', '2019-01-15 18:33:00'),
(65, 10018, 3, 'Entregado', 'bartender', '15:29', '15:44', '13:56', '2019-01-15 18:33:07'),
(66, 10018, 4, 'Entregado', 'bartender', '15:29', '15:44', '13:56', '2019-01-15 18:33:13'),
(67, 10019, 3, 'Entregado', 'bartender', '15:49', '16:1', '15:1', '2019-01-15 18:33:20'),
(68, 10019, 3, 'Listo Para Servir', 'bartender', '15:49', '16:1', '', '2019-01-15 18:33:24'),
(69, 10019, 4, 'Listo Para Servir', 'bartender', '15:49', '16:1', '', '2019-01-15 18:33:28'),
(70, 10020, 3, 'Listo Para Servir', 'bartender', '15:56', '16:11', '', '2019-01-15 18:33:31'),
(71, 10020, 4, 'Listo Para Servir', 'bartender', '15:56', '16:11', '', '2019-01-15 18:33:41'),
(72, 10020, 3, 'Listo Para Servir', 'bartender', '15:56', '16:11', '', '2019-01-15 18:33:46'),
(73, 10021, 3, 'Entregado', 'bartender', '16:26', '16:41', '10:41', '2019-01-15 18:33:57'),
(74, 10021, 3, 'Entregado', 'bartender', '16:26', '16:41', '10:41', '2019-01-15 18:34:18'),
(75, 10021, 4, 'Entregado', 'bartender', '16:26', '16:41', '10:41', '2019-01-15 18:34:26'),
(76, 10022, 3, 'Entregado', 'bartender', '10:32', '10:42', '10:41', '2019-01-15 18:34:44'),
(77, 10022, 4, 'Entregado', 'bartender', '10:32', '10:42', '13:52', '2019-01-15 18:34:51'),
(78, 10022, 3, 'Entregado', 'bartender', '10:32', '10:42', '13:10', '2019-01-15 18:34:58'),
(81, 10023, 3, 'Pendiente', 'bartender', '', '', '', '2018-12-10 01:35:59'),
(82, 10023, 4, 'Pendiente', 'bartender', '', '', '', '2018-12-10 01:35:59'),
(83, 10024, 3, 'Entregado', 'bartender', '14:15', '14:16', '14:15', '2019-01-15 18:35:06'),
(84, 10025, 2, 'Entregado', 'cerveza', '17:8', '17:23', '11:33', '2019-01-15 18:35:13'),
(85, 10025, 2, 'Entregado', 'cerveza', '17:8', '17:23', '15:8:', '2019-01-15 18:35:20'),
(86, 10026, 1, 'Entregado', 'cocina', '17:12', '17:27', '11:12', '2019-01-15 18:35:27'),
(87, 10027, 1, 'Entregado', 'cocina', '10:54', '11:4', '13:48', '2019-01-15 18:35:35'),
(88, 10027, 2, 'Entregado', 'cerveza', '10:53', '11:3', '13:50', '2019-01-15 18:35:54'),
(89, 10027, 3, 'Entregado', 'bartender', '14:11', '14:12', '14:11', '2019-01-15 18:36:05'),
(90, 10027, 4, 'Entregado', 'bartender', '14:11', '14:12', '15:10', '2019-01-15 18:36:16'),
(91, 10028, 1, 'Entregado', 'cocina', '10:54', '11:19', '13:10', '2019-01-15 18:36:23'),
(92, 10028, 2, 'Entregado', 'cerveza', '14:9', '14:11', '14:10', '2019-01-15 18:36:35'),
(93, 10029, 3, 'Entregado', 'bartender', '17:10', '17:30', '11:5', '2019-01-15 18:36:46'),
(94, 10029, 4, 'Entregado', 'bartender', '17:10', '17:30', '11:5', '2019-01-15 18:36:56'),
(95, 10029, 1, 'Entregado', 'cocina', '', '', '11:4', '2019-01-15 18:36:58'),
(96, 10030, 3, 'Entregado', 'bartender', '17:16', '17:31', '11:2', '2019-01-15 18:37:10'),
(97, 10031, 1, 'Entregado', 'cocina', '', '', '11:0', '2019-01-15 18:37:14'),
(98, 10031, 3, 'Entregado', 'bartender', '17:31', '17:46', '11:1', '2019-01-15 18:37:26'),
(99, 10031, 4, 'Entregado', 'bartender', '17:31', '17:46', '11:18', '2019-01-15 18:45:24'),
(100, 10031, 2, 'Entregado', 'cerveza', '', '', '11:1', '2019-01-15 18:52:38'),
(101, 10032, 1, 'Entregado', 'cocina', '22:14', '22:34', '22:15', '2019-01-15 18:45:29'),
(102, 10032, 2, 'Entregado', 'cerveza', '22:15', '22:18', '22:15', '2019-01-15 18:45:40'),
(103, 10033, 1, 'Entregado', 'cocina', '22:25', '22:45', '22:25', '2019-01-15 18:46:11'),
(104, 10034, 1, 'Entregado', 'cocina', '22:29', '22:44', '22:29', '2019-01-15 18:46:17'),
(105, 10035, 1, 'Entregado', 'cocina', '22:44', '23:4', '22:46', '2019-01-15 18:46:27'),
(106, 10036, 3, 'Entregado', 'bartender', '22:47', '22:49', '22:47', '2019-01-15 18:46:37'),
(107, 10036, 1, 'Entregado', 'cocina', '22:46', '23:1', '22:47', '2019-01-15 18:46:43'),
(108, 10037, 1, 'Entregado', 'cocina', '22:52', '23:15', '11:34', '2019-01-15 18:52:48'),
(109, 10038, 1, 'Entregado', 'cocina', '23:01', '23:21', '23:03', '2019-01-15 18:53:00'),
(110, 10038, 1, 'Entregado', 'cocina', '23:01', '23:21', '23:01', '2019-01-15 18:53:13'),
(111, 10038, 3, 'Entregado', 'bartender', '23:00', '23:15', '23:00', '2019-01-15 18:53:23'),
(112, 10039, 4, 'Entregado', 'bartender', '23:27', '23:29', '23:28', '2019-01-15 18:53:31'),
(113, 10040, 1, 'Pendiente', 'cocina', '', '', '', '2018-12-10 01:35:59'),
(115, 10040, 3, 'Entregado', 'bartender', '23:29', '23:34', '23:30', '2019-01-15 18:53:37'),
(117, 10041, 3, 'Entregado', 'bartender', '11:54', '12:09', '11:54', '2019-01-15 18:53:44'),
(118, 10041, 4, 'Entregado', 'bartender', '11:54', '12:09', '11:56', '2019-01-15 18:53:52'),
(119, 10041, 1, 'Entregado', 'cocina', '11:57', '12:07', '11:57', '2019-01-15 18:53:59'),
(120, 10042, 1, 'Entregado', 'cocina', '20:02', '20:22', '20:03', '2019-01-15 18:54:08'),
(121, 10042, 2, 'Entregado', 'cerveza', '20:01', '20:06', '20:03', '2019-01-15 18:54:22'),
(122, 10042, 3, 'Entregado', 'bartender', '20:01', '20:11', '20:03', '2019-01-15 18:54:33'),
(123, 10043, 1, 'Entregado', 'cocina', '20:15', '20:25', '20:15', '2019-01-15 18:54:40'),
(124, 10043, 2, 'Entregado', 'cerveza', '20:02', '20:05', '20:15', '2019-01-15 18:54:49'),
(125, 10043, 3, 'Entregado', 'bartender', '20:01', '20:13', '20:15', '2019-01-15 18:55:02'),
(126, 10044, 1, 'En Preparacion', 'cocina', '11:06', '11:21', '', '2019-01-15 18:55:06'),
(127, 10044, 4, 'Pendiente', 'bartender', '', '', '', '2018-12-10 01:36:48'),
(128, 10045, 1, 'Entregado', 'cocina', '11:06', '11:21', '11:06', '2019-01-15 18:55:14'),
(129, 10045, 2, 'Entregado', 'cerveza', '11:05', '11:07', '11:06', '2019-01-15 18:55:23'),
(130, 10046, 1, 'Pendiente', 'cocina', '', '', '', '2018-12-10 14:08:29'),
(131, 10047, 1, 'Pendiente', 'cocina', '', '', '', '2018-12-10 14:16:42'),
(132, 10048, 1, 'Entregado', 'cocina', '12:40', '12:50', '12:41', '2019-01-15 18:55:38'),
(133, 10049, 3, 'Entregado', 'bartender', '12:42', '12:44', '12:43', '2019-01-15 18:55:46'),
(134, 10050, 4, 'Entregado', 'bartender', '12:44', '12:45', '12:44', '2019-01-15 18:55:53'),
(136, 10051, 2, 'Pendiente', 'cerveza', '', '', '', '2018-12-28 13:57:26'),
(137, 10052, 1, 'Entregado', 'cocina', '11:42', '12:02', '20:39', '2019-01-15 18:56:02'),
(144, 10053, 1, 'Entregado', 'cocina', '16:44', '17:04', '16:45', '2019-01-15 18:56:11'),
(145, 10053, 3, 'Entregado', 'bartender', '16:13', '16:15', '16:13', '2019-01-15 18:56:17'),
(146, 10054, 2, 'Entregado', 'cerveza', '20:38', '20:40', '20:38', '2019-01-15 18:56:23'),
(148, 10054, 1, 'Entregado', 'cocina', '20:37', '21:02', '20:38', '2019-01-15 18:56:35'),
(151, 10055, 4, 'Entregado', 'bartender', '22:58', '23:05', '22:59', '2019-01-15 18:56:43'),
(153, 10055, 1, 'Entregado', 'cocina', '22:59', '23:24', '23:00', '2019-01-15 18:56:55'),
(154, 10057, 1, 'Entregado', 'cocina', '00:40', '00:50', '00:41', '2019-01-15 18:57:10'),
(156, 10057, 3, 'Entregado', 'bartender', '00:39', '00:49', '00:41', '2019-01-15 18:57:22'),
(157, 10058, 1, 'Entregado', 'cocina', '09:35', '09:40', '09:44', '2019-01-15 18:57:35'),
(158, 10058, 4, 'Entregado', 'bartender', '16:7', '16:17', '01:02', '2019-01-15 19:42:39'),
(159, 10059, 1, 'Entregado', 'cocina', '11:34', '11:49', '11:37', '2019-01-15 18:57:43'),
(160, 10059, 4, 'Entregado', 'bartender', '16:7', '16:17', '01:03', '2019-01-15 19:43:39'),
(161, 10060, 3, 'Entregado', 'bartender', '16:7', '16:17', '01:03', '2019-01-15 19:43:43'),
(162, 10061, 1, 'En Preparacion', 'cocina', '01:04', '01:16', '', '2019-01-15 19:45:13'),
(163, 10062, 1, 'Entregado', 'cocina', '17:27', '17:52', '17:28', '2019-01-17 20:27:59'),
(164, 10063, 1, 'Listo Para Servir', 'cocina', '17:27', '17:52', '', '2019-01-17 20:27:28'),
(165, 10064, 3, 'Entregado', 'bartender', '17:27', '17:32', '15:44', '2019-01-21 18:43:57'),
(166, 10065, 4, 'Listo Para Servir', 'bartender', '17:27', '17:29', '', '2019-01-17 20:26:45'),
(179, 10066, 1, 'Entregado', 'cocina', '15:17', '15:32', '15:44', '2019-01-21 18:44:03'),
(180, 10066, 3, 'Entregado', 'bartender', '15:14', '15:17', '15:44', '2019-01-21 18:44:06'),
(181, 10067, 4, 'Entregado', 'bartender', '09:22', '09:37', '14:42', '2019-01-24 17:42:43'),
(183, 10067, 2, 'Entregado', 'cerveza', '09:25', '09:28', '14:42', '2019-01-24 17:42:41'),
(186, 10068, 1, 'Entregado', 'cocina', '09:12', '09:27', '09:13', '2019-01-29 12:13:29'),
(187, 10068, 4, 'Entregado', 'bartender', '17:54', '18:09', '09:10', '2019-01-29 12:10:50'),
(188, 10069, 2, 'Entregado', 'cerveza', '09:14', '09:17', '09:14', '2019-01-29 12:14:30'),
(190, 10070, 1, 'Pendiente', 'cocina', '', '', '', '2019-01-29 13:47:11'),
(191, 10071, 1, 'Entregado', 'cocina', '17:12', '17:32', '17:12', '2019-01-30 20:12:44'),
(193, 10071, 3, 'Entregado', 'bartender', '17:11', '17:21', '17:11', '2019-01-30 20:12:01'),
(194, 10071, 4, 'Entregado', 'bartender', '17:11', '17:21', '17:12', '2019-01-30 20:12:04'),
(195, 10072, 2, 'Pendiente', 'cerveza', '', '', '', '2019-01-31 13:42:09'),
(196, 10073, 4, 'Entregado', 'bartender', '12:43', '12:44', '12:44', '2019-02-01 15:44:29'),
(197, 10074, 1, 'Entregado', 'cocina', '12:42', '12:52', '12:50', '2019-02-01 15:50:43'),
(198, 10075, 2, 'Entregado', 'cerveza', '14:06', '14:08', '14:09', '2019-02-01 17:09:56'),
(199, 10076, 1, 'Entregado', 'cocina', '14:14', '14:19', '14:34', '2019-02-01 17:34:31'),
(200, 10076, 2, 'Entregado', 'cerveza', '14:10', '14:13', '14:34', '2019-02-01 17:34:33'),
(201, 10076, 4, 'Entregado', 'bartender', '14:13', '14:18', '14:34', '2019-02-01 17:34:34'),
(202, 10077, 1, 'Entregado', 'cocina', '15:42', '16:02', '15:43', '2019-02-01 18:43:22'),
(204, 10078, 4, 'Entregado', 'bartender', '21:35', '21:36', '21:35', '2019-02-19 00:35:55'),
(205, 10078, 1, 'Entregado', 'cocina', '21:34', '21:54', '21:35', '2019-02-19 00:35:54'),
(206, 10079, 1, 'Entregado', 'cocina', '22:49', '22:59', '22:49', '2019-02-19 01:49:37'),
(207, 10080, 2, 'Entregado', 'cerveza', '15:02', '15:05', '15:04', '2019-02-19 18:04:14'),
(209, 10080, 1, 'Entregado', 'cocina', '15:01', '15:16', '15:05', '2019-02-19 18:05:02'),
(210, 10080, 3, 'Entregado', 'bartender', '15:02', '15:07', '15:05', '2019-02-19 18:05:04'),
(212, 10081, 1, 'Entregado', 'cocina', '15:02', '15:07', '15:05', '2019-02-19 22:42:44'),
(220, 10085, 1, 'Entregado', 'cocina', '20:50', '21:10', '20:50', '2019-02-19 23:50:56'),
(221, 10086, 4, 'Entregado', 'bartender', '09:28', '09:31', '09:28', '2019-02-20 12:28:49'),
(222, 10087, 1, 'Entregado', 'cocina', '09:26', '09:31', '09:26', '2019-02-20 12:26:52'),
(223, 10088, 2, 'Entregado', 'cerveza', '09:28', '09:31', '09:28', '2019-02-20 12:28:53'),
(224, 10088, 3, 'Entregado', 'bartender', '09:28', '09:31', '09:28', '2019-02-20 12:28:55'),
(225, 10089, 1, 'Pendiente', 'cocina', '', '', '', '2019-02-21 12:51:41'),
(226, 10089, 3, 'Pendiente', 'bartender', '', '', '', '2019-02-21 12:51:44'),
(227, 10090, 1, 'Entregado', 'cocina', '21:07', '21:22', '21:07', '2019-02-22 00:07:27'),
(228, 10090, 3, 'Entregado', 'bartender', '21:07', '21:13', '21:08', '2019-02-22 00:08:07'),
(229, 10090, 2, 'Entregado', 'cerveza', '21:08', '21:10', '21:08', '2019-02-22 00:08:40'),
(231, 10090, 4, 'Entregado', 'bartender', '21:07', '21:13', '21:08', '2019-02-22 00:08:08');

-- --------------------------------------------------------

--
-- Estructura de tabla para la tabla `productos`
--

CREATE TABLE `productos` (
  `id` int(11) NOT NULL,
  `descripcion` varchar(40) COLLATE utf8_spanish_ci NOT NULL,
  `precio` float NOT NULL,
  `tiempoEstipulado` int(11) NOT NULL,
  `sector` varchar(40) COLLATE utf8_spanish_ci NOT NULL
) ENGINE=InnoDB DEFAULT CHARSET=utf8 COLLATE=utf8_spanish_ci;

--
-- Volcado de datos para la tabla `productos`
--

INSERT INTO `productos` (`id`, `descripcion`, `precio`, `tiempoEstipulado`, `sector`) VALUES
(1, 'Milanesas con papas fritas', 15, 150, 'cocina'),
(2, 'cerveza honey', 80, 5, 'cerveza'),
(3, 'Fernet Cola', 140, 5, 'bartender'),
(4, 'Gancia Batido', 150, 0, 'bartender');

-- --------------------------------------------------------

--
-- Estructura de tabla para la tabla `usuarios`
--

CREATE TABLE `usuarios` (
  `id` int(11) NOT NULL,
  `usuario` varchar(30) COLLATE utf8_spanish_ci NOT NULL,
  `pass` varchar(30) COLLATE utf8_spanish_ci NOT NULL,
  `tipo` varchar(30) COLLATE utf8_spanish_ci NOT NULL,
  `estado` varchar(30) COLLATE utf8_spanish_ci NOT NULL,
  `foto` varchar(40) COLLATE utf8_spanish_ci NOT NULL
) ENGINE=InnoDB DEFAULT CHARSET=utf8 COLLATE=utf8_spanish_ci;

--
-- Volcado de datos para la tabla `usuarios`
--

INSERT INTO `usuarios` (`id`, `usuario`, `pass`, `tipo`, `estado`, `foto`) VALUES
(1, 'mpardo', '1234', 'mozo', 'Activo', 'mpardomozo.jpg'),
(2, 'lvazquez', '1234', 'bartender', 'Activo', 'lvazquezbartender.jpg'),
(3, 'avazquez', '1234', 'cervecero', 'Activo', 'avazquezcervecero.jpg'),
(4, 'ppardo', '1234', 'cocinero', 'Activo', 'ppardococinero.jpg'),
(5, 'admin', '4321', 'socio', 'Activo', 'adminsocio.jpg'),
(7, 'aartesi', '1234', 'mozo', 'Activo', 'aartesimozo.jpg'),
(14, 'pprevosti', '1234', 'mozo', 'Activo', 'pprevostimozo.jpg'),
(16, 'vslaven', '1234', 'mozo', 'Activo', 'jlopezbartender.jpg'),
(19, 'ngonzalez', '1233', 'mozo', 'Activo', 'ngonzalezmozo.jpg'),
(20, 'sprev', '1234', 'mozo', 'Activo', 'sprevmozo.png'),
(23, 'dbogadop', '1221', 'mozo', 'Activo', 'dbogadopmozo.png'),
(31, 'ggarcia', '1122', 'mozo', 'Activo', 'ggarciamozo.jpg'),
(34, 'grava', 'grava123', 'socio', 'Activo', 'gravasocio.jpg');

--
-- Índices para tablas volcadas
--

--
-- Indices de la tabla `clientes`
--
ALTER TABLE `clientes`
  ADD PRIMARY KEY (`id`);

--
-- Indices de la tabla `encuestas`
--
ALTER TABLE `encuestas`
  ADD PRIMARY KEY (`id`);

--
-- Indices de la tabla `facturas`
--
ALTER TABLE `facturas`
  ADD PRIMARY KEY (`id`);

--
-- Indices de la tabla `logueos`
--
ALTER TABLE `logueos`
  ADD PRIMARY KEY (`id`);

--
-- Indices de la tabla `mesas`
--
ALTER TABLE `mesas`
  ADD PRIMARY KEY (`id`);

--
-- Indices de la tabla `operaciones`
--
ALTER TABLE `operaciones`
  ADD PRIMARY KEY (`id`);

--
-- Indices de la tabla `pedidos`
--
ALTER TABLE `pedidos`
  ADD PRIMARY KEY (`id`);

--
-- Indices de la tabla `pedidosdetalle`
--
ALTER TABLE `pedidosdetalle`
  ADD PRIMARY KEY (`id`);

--
-- Indices de la tabla `productos`
--
ALTER TABLE `productos`
  ADD PRIMARY KEY (`id`);

--
-- Indices de la tabla `usuarios`
--
ALTER TABLE `usuarios`
  ADD PRIMARY KEY (`id`);

--
-- AUTO_INCREMENT de las tablas volcadas
--

--
-- AUTO_INCREMENT de la tabla `clientes`
--
ALTER TABLE `clientes`
  MODIFY `id` int(11) NOT NULL AUTO_INCREMENT, AUTO_INCREMENT=103;

--
-- AUTO_INCREMENT de la tabla `encuestas`
--
ALTER TABLE `encuestas`
  MODIFY `id` int(11) NOT NULL AUTO_INCREMENT, AUTO_INCREMENT=8;

--
-- AUTO_INCREMENT de la tabla `facturas`
--
ALTER TABLE `facturas`
  MODIFY `id` int(11) NOT NULL AUTO_INCREMENT, AUTO_INCREMENT=48;

--
-- AUTO_INCREMENT de la tabla `logueos`
--
ALTER TABLE `logueos`
  MODIFY `id` int(11) NOT NULL AUTO_INCREMENT, AUTO_INCREMENT=441;

--
-- AUTO_INCREMENT de la tabla `mesas`
--
ALTER TABLE `mesas`
  MODIFY `id` int(11) NOT NULL AUTO_INCREMENT, AUTO_INCREMENT=6;

--
-- AUTO_INCREMENT de la tabla `operaciones`
--
ALTER TABLE `operaciones`
  MODIFY `id` int(11) NOT NULL AUTO_INCREMENT, AUTO_INCREMENT=98;

--
-- AUTO_INCREMENT de la tabla `pedidos`
--
ALTER TABLE `pedidos`
  MODIFY `id` int(11) NOT NULL AUTO_INCREMENT, AUTO_INCREMENT=10091;

--
-- AUTO_INCREMENT de la tabla `pedidosdetalle`
--
ALTER TABLE `pedidosdetalle`
  MODIFY `id` int(11) NOT NULL AUTO_INCREMENT, AUTO_INCREMENT=232;

--
-- AUTO_INCREMENT de la tabla `productos`
--
ALTER TABLE `productos`
  MODIFY `id` int(11) NOT NULL AUTO_INCREMENT, AUTO_INCREMENT=5;

--
-- AUTO_INCREMENT de la tabla `usuarios`
--
ALTER TABLE `usuarios`
  MODIFY `id` int(11) NOT NULL AUTO_INCREMENT, AUTO_INCREMENT=36;
COMMIT;

/*!40101 SET CHARACTER_SET_CLIENT=@OLD_CHARACTER_SET_CLIENT */;
/*!40101 SET CHARACTER_SET_RESULTS=@OLD_CHARACTER_SET_RESULTS */;
/*!40101 SET COLLATION_CONNECTION=@OLD_COLLATION_CONNECTION */;
